firstName,lastName,state,phone
James,Butt,LA,504-621-8927
Josephine,Darakjy,MI,810-292-9388
Art,Venere,NJ,856-636-8749
Lenna,Paprocki,AK,907-385-4412
Donette,Foller,OH,513-570-1893
Simona,Morasca,OH,419-503-2484
Mitsue,Tollner,IL,773-573-6914
Leota,Dilliard,CA,408-752-3500
Sage,Wieser,SD,605-414-2147
Kris,Marrier,MD,410-655-8723
Minna,Amigon,PA,215-874-1229
Abel,Maclead,NY,631-335-3414
Kiley,Caldarera,CA,310-498-5651
Graciela,Ruta,OH,440-780-8425
Cammy,Albares,TX,956-537-6195
Mattie,Poquette,AZ,602-277-4385
Meaghan,Garufi,TN,931-313-9635
Gladys,Rim,WI,414-661-9598
Yuki,Whobrey,MI,313-288-7937
Fletcher,Flosi,IL,815-828-2147
Bette,Nicka,PA,610-545-3615
Veronika,Inouye,CA,408-540-1785
Willard,Kolmetz,TX,972-303-9197
Maryann,Royster,NY,518-966-7987
Alisha,Slusarski,NJ,732-658-3154
Allene,Iturbide,WI,715-662-6764
Chanel,Caudy,KS,913-388-2079
Ezekiel,Chui,MD,410-669-1642
Willow,Kusko,NY,212-582-4976
Bernardo,Figeroa,TX,936-336-3951
Ammie,Corrio,OH,614-801-9788
Francine,Vocelka,NM,505-977-3911
Ernie,Stenseth,NJ,201-709-6245
Albina,Glick,NJ,732-924-7882
Alishia,Sergi,NY,212-860-1579
Solange,Shinko,LA,504-979-9175
Jose,Stockham,NY,212-675-8570
Rozella,Ostrosky,CA,805-832-6163
Valentine,Gillian,TX,210-812-9597
Kati,Rulapaugh,KS,785-463-7829
Youlanda,Schemmer,OR,541-548-8197
Dyan,Oldroyd,KS,913-413-4604
Roxane,Campain,AK,907-231-4722
Lavera,Perin,FL,305-606-7291
Erick,Ferencz,AK,907-741-1044
Fatima,Saylors,MN,952-768-2416
Jina,Briddick,MA,617-399-5124
Kanisha,Waycott,CA,323-453-2780
Emerson,Bowley,WI,608-336-7444
Blair,Malet,PA,215-907-9111
Brock,Bolognia,NY,212-402-9216
Lorrie,Nestle,TN,931-875-6644
Sabra,Uyetake,SC,803-925-5213
Marjory,Mastella,PA,610-814-5533
Karl,Klonowski,NJ,908-877-6135
Tonette,Wenner,NY,516-968-6051
Amber,Monarrez,PA,215-934-8655
Shenika,Seewald,CA,818-423-4007
Delmy,Ahle,RI,401-458-2547
Deeanna,Juhas,PA,215-211-9589
Blondell,Pugh,RI,401-960-8259
Jamal,Vanausdal,NJ,732-234-1546
Cecily,Hollack,TX,512-486-3817
Carmelina,Lindall,CO,303-724-7371
Maurine,Yglesias,WI,414-748-1374
Tawna,Buvens,NY,212-674-9610
Penney,Weight,AK,907-797-9628
Elly,Morocco,PA,814-393-5571
Ilene,Eroman,MD,410-914-9018
Vallie,Mondella,ID,208-862-5339
Kallie,Blackwood,CA,415-315-2761
Johnetta,Abdallah,NC,919-225-9345
Bobbye,Rhym,CA,650-528-5783
Micaela,Rhymes,CA,925-647-3298
Tamar,Hoogland,OH,740-343-8575
Moon,Parlato,NY,585-866-8313
Laurel,Reitler,MD,410-520-4832
Delisa,Crupi,NJ,973-354-2040
Viva,Toelkes,IL,773-446-5569
Elza,Lipke,NJ,973-927-3447
Devorah,Chickering,NM,505-975-8559
Timothy,Mulqueen,NY,718-332-6527
Arlette,Honeywell,FL,904-775-4480
Dominque,Dickerson,CA,510-993-3758
Lettie,Isenhower,OH,216-657-7668
Myra,Munns,TX,817-914-7518
Stephaine,Barfield,CA,310-774-7643
Lai,Gato,IL,847-728-7286
Stephen,Emigh,OH,330-537-5358
Tyra,Shields,PA,215-255-1641
Tammara,Wardrip,CA,650-803-1936
Cory,Gibes,CA,626-572-1096
Danica,Bruschke,TX,254-782-8569
Wilda,Giguere,AK,907-870-5536
Elvera,Benimadho,CA,408-703-8505
Carma,Vanheusen,CA,510-503-7169
Malinda,Hochard,IN,317-722-5066
Natalie,Fern,WY,307-704-8713
Lisha,Centini,VA,703-235-3937
Arlene,Klusman,LA,504-710-5840
Alease,Buemi,CO,303-301-4946
Louisa,Cronauer,CA,510-828-7047
Angella,Cetta,HI,808-892-7943
Cyndy,Goldammer,MN,952-334-9408
Rosio,Cork,NC,336-243-5659
Celeste,Korando,NY,516-509-2347
Twana,Felger,OR,503-939-3153
Estrella,Samu,WI,608-976-7199
Donte,Kines,MA,508-429-8576
Tiffiny,Steffensmeier,FL,305-385-9695
Edna,Miceli,PA,814-460-2655
Sue,Kownacki,TX,972-666-3413
Jesusa,Shin,TN,931-273-8709
Rolland,Francescon,NJ,973-649-2922
Pamella,Schmierer,FL,305-420-8970
Glory,Kulzer,MD,410-224-9462
Shawna,Palaspas,CA,805-275-3566
Brandon,Callaro,HI,808-215-6832
Scarlet,Cartan,GA,229-735-3378
Oretha,Menter,MA,617-418-5043
Ty,Smith,NJ,201-672-1553
Xuan,Rochin,CA,650-933-5072
Lindsey,Dilello,CA,909-639-9887
Devora,Perez,CA,510-955-3016
Herman,Demesa,NY,518-497-2940
Rory,Papasergi,PA,570-867-7489
Talia,Riopelle,NJ,973-245-2133
Van,Shire,NJ,908-409-2890
Lucina,Lary,FL,321-749-4981
Bok,Isaacs,NY,718-809-3762
Rolande,Spickerman,HI,808-315-3077
Howard,Paulas,CO,303-623-4241
Kimbery,Madarang,NJ,973-310-1634
Thurman,Manno,NJ,609-524-3586
Becky,Mirafuentes,NJ,908-877-8409
Beatriz,Corrington,MA,508-584-4279
Marti,Maybury,IL,773-775-4522
Nieves,Gotter,OR,503-527-5274
Leatha,Hagele,TX,214-339-1809
Valentin,Klimek,IL,312-303-5453
Melissa,Wiklund,OH,419-939-3613
Sheridan,Zane,CA,951-645-3605
Bulah,Padilla,TX,254-463-4368
Audra,Kohnert,TN,615-406-7854
Daren,Weirather,WI,414-959-2540
Fernanda,Jillson,MD,410-387-5260
Gearldine,Gellinger,TX,972-934-6914
Chau,Kitzman,CA,310-560-8022
Theola,Frey,NY,516-948-5768
Cheryl,Haroldson,NJ,609-518-7697
Laticia,Merced,OH,513-508-7371
Carissa,Batman,OR,541-326-4074
Lezlie,Craghead,NC,919-533-3762
Ozell,Shealy,NY,212-332-8435
Arminda,Parvis,AZ,602-906-9419
Reita,Leto,IN,317-234-1135
Yolando,Luczki,NY,315-304-4759
Lizette,Stem,NJ,856-487-5412
Gregoria,Pawlowicz,NY,516-212-1915
Carin,Deleo,AR,501-308-1040
Chantell,Maynerich,MN,651-591-2583
Dierdre,Yum,PA,215-325-3042
Larae,Gudroe,LA,985-890-7262
Latrice,Tolfree,NY,631-957-7624
Kerry,Theodorov,CA,916-591-3277
Dorthy,Hidvegi,ID,208-649-2373
Fannie,Lungren,TX,512-587-5746
Evangelina,Radde,PA,215-964-3284
Novella,Degroot,HI,808-477-4775
Clay,Hoa,NV,775-501-8109
Jennifer,Fallick,IL,847-979-9545
Irma,Wolfgramm,NJ,973-545-7355
Eun,Coody,SC,864-256-3620
Sylvia,Cousey,MD,410-209-9545
Nana,Wrinkles,NY,914-855-2115
Layla,Springe,NY,212-260-3151
Joesph,Degonia,CA,510-677-9785
Annabelle,Boord,MA,978-697-6263
Stephaine,Vinning,CA,415-767-6596
Nelida,Sawchuk,NJ,201-971-1638
Marguerita,Hiatt,CA,925-634-7158
Carmela,Cookey,IL,773-494-4195
Junita,Brideau,NJ,973-943-3423
Claribel,Varriano,OH,419-544-4900
Benton,Skursky,CA,310-579-2907
Hillary,Skulski,FL,352-242-2570
Merilyn,Bayless,CA,408-758-5015
Teri,Ennaco,PA,570-889-5187
Merlyn,Lawler,NJ,201-588-7810
Georgene,Montezuma,CA,925-615-5185
Jettie,Mconnell,NJ,908-802-3564
Lemuel,Latzke,NY,631-748-6479
Melodie,Knipp,CA,805-690-1682
Candida,Corbley,NJ,908-275-8357
Karan,Karpin,OR,503-940-8327
Andra,Scheyer,OR,503-516-2189
Felicidad,Poullion,NJ,856-305-9731
Belen,Strassner,GA,770-507-8791
Gracia,Melnyk,FL,904-235-3633
Jolanda,Hanafan,ME,207-458-9196
Barrett,Toyama,TX,817-765-5781
Helga,Fredicks,NY,716-752-4114
Ashlyn,Pinilla,FL,305-670-9628
Fausto,Agramonte,NY,212-313-1783
Ronny,Caiafa,PA,215-605-7570
Marge,Limmel,FL,850-430-1663
Norah,Waymire,CA,415-306-7897
Aliza,Baltimore,CA,408-504-3552
Mozell,Pelkowski,CA,650-947-1215
Viola,Bitsuie,CA,818-864-4875
Franklyn,Emard,PA,215-558-8189
Willodean,Konopacki,LA,337-253-8384
Beckie,Silvestrini,MI,313-533-4884
Rebecka,Gesick,TX,512-213-8574
Frederica,Blunk,TX,214-428-2285
Glen,Bartolet,WA,206-697-5796
Freeman,Gochal,PA,610-476-3501
Vincent,Meinerding,PA,215-372-1718
Rima,Bevelacqua,CA,310-858-5079
Glendora,Sarbacher,CA,707-653-8214
Avery,Steier,FL,407-808-9439
Cristy,Lother,CA,760-971-4322
Nicolette,Brossart,MA,508-837-9230
Tracey,Modzelewski,TX,936-264-9294
Virgina,Tegarden,WI,414-214-8697
Tiera,Frankel,CA,626-636-4117
Alaine,Bergesen,NY,914-300-9193
Earleen,Mai,TX,214-289-1973
Leonida,Gobern,MS,228-235-5615
Ressie,Auffrey,FL,305-604-8981
Justine,Mugnolo,NY,212-304-9225
Eladia,Saulter,NJ,201-474-4924
Chaya,Malvin,MI,734-928-5182
Gwenn,Suffield,NY,631-258-6558
Salena,Karpel,OH,330-791-8557
Yoko,Fishburne,CT,203-506-4706
Taryn,Moyd,VA,703-322-4041
Katina,Polidori,MA,978-626-2978
Rickie,Plumer,OH,419-693-1334
Alex,Loader,WA,253-660-7821
Lashon,Vizarro,CA,916-741-7884
Lauran,Burnard,WY,307-342-7795
Ceola,Setter,ME,207-627-7565
My,Rantanen,PA,215-491-5633
Lorrine,Worlds,FL,813-769-2939
Peggie,Sturiale,CA,619-608-1763
Marvel,Raymo,TX,979-718-8968
Daron,Dinos,IL,847-233-3075
An,Fritz,NJ,609-228-5265
Portia,Stimmel,NJ,908-722-7128
Rhea,Aredondo,NY,718-560-9537
Benedict,Sama,MO,314-787-1588
Alyce,Arias,CA,209-317-1801
Heike,Berganza,NJ,973-936-5095
Carey,Dopico,IN,317-578-2453
Dottie,Hellickson,WA,206-540-6076
Deandrea,Hughey,NC,336-822-7652
Kimberlie,Duenas,KS,785-629-8542
Martina,Staback,FL,407-471-6908
Skye,Fillingim,MN,612-508-2655
Jade,Farrar,SC,803-352-5387
Charlene,Hamilton,CA,707-300-1771
Geoffrey,Acey,IL,847-222-1734
Stevie,Westerbeck,CA,949-867-4077
Pamella,Fortino,CO,303-404-2210
Harrison,Haufler,CT,203-801-6193
Johnna,Engelberg,WA,425-986-7573
Buddy,Cloney,OH,440-989-5826
Dalene,Riden,NH,603-315-6839
Jerry,Zurcher,FL,321-518-5938
Haydee,Denooyer,NY,212-792-8658
Joseph,Cryer,CA,714-584-2237
Deonna,Kippley,MI,248-913-4677
Raymon,Calvaresi,IN,317-825-4724
Alecia,Bubash,TX,940-276-7922
Ma,Layous,CT,203-721-3388
Detra,Coyier,MD,410-739-9277
Terrilyn,Rodeigues,LA,504-463-4384
Salome,Lacovara,VA,804-550-5097
Garry,Keetch,PA,215-979-8776
Matthew,Neither,MN,952-651-7597
Theodora,Restrepo,FL,305-936-8226
Noah,Kalafatis,WI,414-263-5287
Carmen,Sweigard,NJ,732-941-2621
Lavonda,Hengel,ND,701-898-2154
Junita,Stoltzman,NV,775-638-9963
Herminia,Nicolozakes,AZ,602-954-5141
Casie,Good,TN,615-390-2251
Reena,Maisto,MD,410-351-1863
Mirta,Mallett,NY,212-870-1286
Cathrine,Pontoriero,TX,806-703-1435
Filiberto,Tawil,CA,323-765-2528
Raul,Upthegrove,CA,619-509-5282
Sarah,Candlish,GA,770-732-1194
Lucy,Treston,MA,508-769-5250
Judy,Aquas,MI,269-756-7222
Yvonne,Tjepkema,NJ,973-714-1721
Kayleigh,Lace,LA,337-740-9323
Felix,Hirpara,PA,717-491-5643
Tresa,Sweely,MO,314-359-9566
Kristeen,Turinetti,TX,817-213-8851
Jenelle,Regusters,FL,813-932-8715
Renea,Monterrubio,GA,770-679-4752
Olive,Matuszak,CA,760-938-6069
Ligia,Reiber,MI,517-906-1108
Christiane,Eschberger,AZ,602-390-4944
Goldie,Schirpke,ME,207-295-7569
Loreta,Timenez,MD,301-696-6420
Fabiola,Hauenstein,PA,717-809-3119
Amie,Perigo,TX,972-419-7946
Raina,Brachle,MT,406-318-1515
Erinn,Canlas,NJ,973-767-3008
Cherry,Lietz,MI,248-980-6904
Kattie,Vonasek,OH,216-923-3715
Lilli,Scriven,TX,325-631-1560
Whitley,Tomasulo,TX,817-526-4408
Barbra,Adkin,NY,718-201-3751
Hermila,Thyberg,RI,401-893-4882
Jesusita,Flister,PA,717-885-9118
Caitlin,Julia,RI,401-948-4982
Roosevelt,Hoffis,FL,305-622-4739
Helaine,Halter,NJ,201-832-4168
Lorean,Martabano,TX,210-856-4979
France,Buzick,NY,718-478-8504
Justine,Ferrario,CA,909-993-3242
Adelina,Nabours,OH,216-230-4892
Derick,Dhamer,NY,212-304-4515
Jerry,Dallen,VA,804-762-9576
Leota,Ragel,GA,706-221-4243
Jutta,Amyot,LA,337-515-1438
Aja,Gehrett,NJ,973-544-2677
Kirk,Herritt,NY,607-407-3716
Leonora,Mauson,NJ,973-412-2995
Winfred,Brucato,ID,208-252-4552
Tarra,Nachor,CA,415-411-1775
Corinne,Loder,MA,508-942-4186
Dulce,Labreche,MI,248-357-8718
Kate,Keneipp,WI,920-353-6377
Kaitlyn,Ogg,MD,410-665-4903
Sherita,Saras,CO,719-669-1664
Lashawnda,Stuer,OH,419-588-8719
Ernest,Syrop,MD,301-998-9644
Nobuko,Halsey,MA,508-855-9887
Lavonna,Wolny,VA,703-483-1970
Lashaunda,Lizama,MD,410-678-2473
Mariann,Bilden,TX,512-223-4791
Helene,Rodenberger,AZ,623-461-8551
Roselle,Estell,OH,419-571-5920
Samira,Heintzman,WA,206-311-4137
Margart,Meisel,OH,513-617-2362
Kristofer,Bennick,IN,812-368-1511
Weldon,Acuff,IL,847-353-2156
Shalon,Shadrick,NY,718-232-2337
Denise,Patak,FL,407-446-4358
Louvenia,Beech,CA,310-820-2117
Audry,Yaw,FL,813-797-4816
Kristel,Ehmann,TX,915-452-1290
Vincenza,Zepp,CA,619-603-5125
Elouise,Gwalthney,MD,301-841-5012
Venita,Maillard,CA,714-523-6653
Kasandra,Semidey,MO,314-732-9131
Xochitl,Discipio,TX,512-233-1831
Maile,Linahan,NC,336-670-2640
Krissy,Rauser,NY,631-443-4710
Pete,Dubaldi,NJ,201-825-2514
Linn,Paa,TN,901-412-4381
Paris,Wide,GA,404-505-4445
Wynell,Dorshorst,CA,650-473-1262
Quentin,Birkner,MN,952-702-7993
Regenia,Kannady,AZ,480-726-1280
Sheron,Louissant,NY,718-976-8610
Izetta,Funnell,GA,770-844-3447
Rodolfo,Butzen,MN,507-210-3510
Zona,Colla,CT,203-461-1949
Serina,Zagen,IN,260-273-3725
Paz,Sahagun,MS,601-927-8287
Markus,Lukasik,MI,586-970-7380
Jaclyn,Bachman,CO,719-853-3600
Cyril,Daufeldt,NY,212-745-8484
Gayla,Schnitzler,CA,510-686-3407
Erick,Nievas,IL,773-704-9903
Jennie,Drymon,PA,570-218-4831
Mitsue,Scipione,CA,530-986-9272
Ciara,Ventura,NY,845-823-8877
Galen,Cantres,OH,216-600-6111
Truman,Feichtner,NJ,973-852-2736
Gail,Kitty,AK,907-435-9166
Dalene,Schoeneck,PA,215-268-1275
Gertude,Witten,OH,513-977-7043
Lizbeth,Kohl,CA,310-699-1222
Glenn,Berray,IA,515-370-7348
Lashandra,Klang,PA,610-809-1818
Lenna,Newville,NC,919-623-2524
Laurel,Pagliuca,WA,509-695-5199
Mireya,Frerking,NY,914-868-5965
Annelle,Tagala,MD,410-757-1035
Dean,Ketelsen,NY,516-847-4418
Levi,Munis,MA,508-456-4907
Sylvie,Ryser,OK,918-644-9555
Sharee,Maile,MI,231-467-9978
Cordelia,Storment,LA,337-566-6001
Mollie,Mcdoniel,OH,419-975-3182
Brett,Mccullan,CA,619-461-9984
Teddy,Pedrozo,CT,203-892-3863
Tasia,Andreason,NJ,201-920-9002
Hubert,Walthall,OH,330-903-1345
Arthur,Farrow,NJ,201-238-5688
Vilma,Berlanga,MI,616-737-3085
Billye,Miro,MS,601-567-5386
Glenna,Slayton,TN,901-640-9178
Mitzie,Hudnall,CO,303-402-1940
Bernardine,Rodefer,TN,901-901-4726
Staci,Schmaltz,CA,626-866-2339
Nichelle,Meteer,IL,773-225-9985
Janine,Rhoden,NY,718-228-5894
Ettie,Hoopengardner,WA,509-755-5393
Eden,Jayson,MD,410-890-7866
Lynelle,Auber,NJ,973-860-8610
Merissa,Tomblin,CA,562-579-6900
Golda,Kaniecki,NJ,732-628-9909
Catarina,Gleich,NJ,973-210-3994
Virgie,Kiel,CO,303-776-7548
Jolene,Ostolaza,VA,757-682-7116
Keneth,Borgman,AZ,602-919-4211
Rikki,Nayar,FL,305-968-9487
Elke,Sengbusch,AZ,602-896-2993
Hoa,Sarao,FL,386-526-7800
Trinidad,Mcrae,CA,415-331-9634
Mari,Lueckenbach,CA,858-793-9684
Selma,Husser,NJ,201-991-8369
Antione,Onofrio,CA,909-430-7765
Luisa,Jurney,MA,617-365-2134
Clorinda,Heimann,CA,760-291-5497
Dick,Wenzinger,CA,310-510-9713
Ahmed,Angalich,PA,717-528-8996
Iluminada,Ohms,AZ,480-293-2882
Joanna,Leinenbach,FL,561-470-4574
Caprice,Suell,TN,615-246-1824
Stephane,Myricks,KY,859-717-7638
Quentin,Swayze,MI,734-561-6170
Annmarie,Castros,TX,936-751-7961
Shonda,Greenbush,NJ,973-482-2430
Cecil,Lapage,NJ,201-693-3967
Jeanice,Claucherty,FL,305-988-4162
Josphine,Villanueva,TN,931-553-9774
Daniel,Perruzza,CA,714-771-3880
Cassi,Wildfong,IL,847-633-3216
Britt,Galam,PA,215-888-3304
Adell,Lipkin,NJ,973-654-1561
Jacqueline,Rowling,PA,814-865-8113
Lonny,Weglarz,UT,801-293-9853
Lonna,Diestel,NC,910-922-3672
Cristal,Samara,CA,213-975-8026
Kenneth,Grenet,MI,517-499-2322
Elli,Mclaird,NY,315-818-2638
Alline,Jeanty,IN,574-656-2800
Sharika,Eanes,FL,407-312-1691
Nu,Mcnease,NJ,973-751-9003
Daniela,Comnick,NJ,609-200-8577
Cecilia,Colaizzo,WI,608-382-4541
Leslie,Threets,NY,914-861-9748
Nan,Koppinger,NC,336-370-5333
Izetta,Dewar,MD,410-473-1708
Tegan,Arceo,NJ,732-730-2692
Ruthann,Keener,TX,830-258-2769
Joni,Breland,IL,847-519-5906
Vi,Rentfro,NJ,732-605-4781
Colette,Kardas,NE,402-896-5943
Malcolm,Tromblay,VA,703-221-5602
Ryan,Harnos,TX,972-558-1665
Jess,Chaffins,NY,212-510-4633
Sharen,Bourbon,NY,516-816-1541
Nickolas,Juvera,FL,352-598-8301
Gary,Nunlee,IN,317-542-6023
Diane,Devreese,MO,816-557-9673
Roslyn,Chavous,MS,601-234-9632
Glory,Schieler,TX,325-869-2649
Rasheeda,Sayaphon,CA,408-805-4309
Alpha,Palaia,NJ,856-312-2629
Refugia,Jacobos,CA,510-974-8671
Shawnda,Yori,FL,407-538-5106
Mona,Delasancha,WY,307-403-1488
Gilma,Liukko,NY,516-393-9967
Janey,Gabisi,WI,608-967-7194
Lili,Paskin,NJ,201-431-2989
Loren,Asar,PA,570-648-3035
Dorothy,Chesterfield,CA,858-617-7834
Gail,Similton,CA,760-616-5388
Catalina,Tillotson,NJ,609-373-3332
Lawrence,Lorens,RI,401-465-6432
Carlee,Boulter,KS,785-347-1805
Thaddeus,Ankeny,CA,916-920-3571
Jovita,Oles,FL,386-248-4118
Alesia,Hixenbaugh,DC,202-646-7516
Lai,Harabedian,CA,415-423-3294
Brittni,Gillaspie,ID,208-709-1235
Raylene,Kampa,IN,574-499-1454
Flo,Bookamer,NE,308-726-2182
Jani,Biddy,WA,206-711-6498
Chauncey,Motley,FL,407-413-4842
John,Smith,NY,718-384-2425
Jane,Smith,NY,718-384-2426
Bill,Smith,NY,718-383-3259
Austin,Doe,NY,718-349-1947
John,Doe,NY,718-349-8562
Gary,Doe,NY,718-349-1947
